{"@t":"2020-12-10T22:58:04.1156580Z","@mt":"Starting host","MachineName":"Devlins-MacBook-Pro","Assembly":"Travel.WebApi"}
{"@t":"2020-12-10T22:58:06.0178110Z","@mt":"Now listening on: {address}","address":"https://localhost:5001","SourceContext":"Microsoft.Hosting.Lifetime","MachineName":"Devlins-MacBook-Pro","Assembly":"Travel.WebApi"}
{"@t":"2020-12-10T22:58:06.0184130Z","@mt":"Application started. Press Ctrl+C to shut down.","SourceContext":"Microsoft.Hosting.Lifetime","MachineName":"Devlins-MacBook-Pro","Assembly":"Travel.WebApi"}
{"@t":"2020-12-10T22:58:06.0184800Z","@mt":"Hosting environment: {envName}","envName":"Development","SourceContext":"Microsoft.Hosting.Lifetime","MachineName":"Devlins-MacBook-Pro","Assembly":"Travel.WebApi"}
{"@t":"2020-12-10T22:58:06.0185390Z","@mt":"Content root path: {contentRoot}","contentRoot":"/Users/inmetadeveloper/Dropbox/A Books/Packt/GitHub-Repo/Chapter-15/Travel/src/presentation/Travel.WebApi","SourceContext":"Microsoft.Hosting.Lifetime","MachineName":"Devlins-MacBook-Pro","Assembly":"Travel.WebApi"}
{"@t":"2020-12-10T22:58:06.1816970Z","@mt":"{HostingRequestStartingLog:l}","@r":["Request starting HTTP/1.1 GET https://localhost:5001/swagger - -"],"Protocol":"HTTP/1.1","Method":"GET","ContentType":null,"ContentLength":null,"Scheme":"https","Host":"localhost:5001","PathBase":"","Path":"/swagger","QueryString":"","HostingRequestStartingLog":"Request starting HTTP/1.1 GET https://localhost:5001/swagger - -","EventId":{"Id":1,"Name":"RequestStarting"},"SourceContext":"Microsoft.AspNetCore.Hosting.Diagnostics","RequestId":"0HM4TBS74UKPH:00000002","RequestPath":"/swagger","ConnectionId":"0HM4TBS74UKPH","MachineName":"Devlins-MacBook-Pro","Assembly":"Travel.WebApi"}
{"@t":"2020-12-10T22:58:06.2188270Z","@mt":"{HostingRequestFinishedLog:l}","@r":["Request finished HTTP/1.1 GET https://localhost:5001/swagger - - - 301 0 - 39.3614ms"],"ElapsedMilliseconds":39.3614,"StatusCode":301,"ContentType":null,"ContentLength":0,"Protocol":"HTTP/1.1","Method":"GET","Scheme":"https","Host":"localhost:5001","PathBase":"","Path":"/swagger","QueryString":"","HostingRequestFinishedLog":"Request finished HTTP/1.1 GET https://localhost:5001/swagger - - - 301 0 - 39.3614ms","EventId":{"Id":2,"Name":"RequestFinished"},"SourceContext":"Microsoft.AspNetCore.Hosting.Diagnostics","RequestId":"0HM4TBS74UKPH:00000002","RequestPath":"/swagger","ConnectionId":"0HM4TBS74UKPH","MachineName":"Devlins-MacBook-Pro","Assembly":"Travel.WebApi"}
{"@t":"2020-12-10T22:58:06.2373200Z","@mt":"{HostingRequestStartingLog:l}","@r":["Request starting HTTP/1.1 GET https://localhost:5001/swagger/index.html - -"],"Protocol":"HTTP/1.1","Method":"GET","ContentType":null,"ContentLength":null,"Scheme":"https","Host":"localhost:5001","PathBase":"","Path":"/swagger/index.html","QueryString":"","HostingRequestStartingLog":"Request starting HTTP/1.1 GET https://localhost:5001/swagger/index.html - -","EventId":{"Id":1,"Name":"RequestStarting"},"SourceContext":"Microsoft.AspNetCore.Hosting.Diagnostics","RequestId":"0HM4TBS74UKPH:00000003","RequestPath":"/swagger/index.html","ConnectionId":"0HM4TBS74UKPH","MachineName":"Devlins-MacBook-Pro","Assembly":"Travel.WebApi"}
{"@t":"2020-12-10T22:58:06.2935280Z","@mt":"{HostingRequestFinishedLog:l}","@r":["Request finished HTTP/1.1 GET https://localhost:5001/swagger/index.html - - - 200 - text/html;charset=utf-8 56.2603ms"],"ElapsedMilliseconds":56.2603,"StatusCode":200,"ContentType":"text/html;charset=utf-8","ContentLength":null,"Protocol":"HTTP/1.1","Method":"GET","Scheme":"https","Host":"localhost:5001","PathBase":"","Path":"/swagger/index.html","QueryString":"","HostingRequestFinishedLog":"Request finished HTTP/1.1 GET https://localhost:5001/swagger/index.html - - - 200 - text/html;charset=utf-8 56.2603ms","EventId":{"Id":2,"Name":"RequestFinished"},"SourceContext":"Microsoft.AspNetCore.Hosting.Diagnostics","RequestId":"0HM4TBS74UKPH:00000003","RequestPath":"/swagger/index.html","ConnectionId":"0HM4TBS74UKPH","MachineName":"Devlins-MacBook-Pro","Assembly":"Travel.WebApi"}
{"@t":"2020-12-10T22:58:07.5616580Z","@mt":"{HostingRequestStartingLog:l}","@r":["Request starting HTTP/1.1 GET https://localhost:5001/swagger - -"],"Protocol":"HTTP/1.1","Method":"GET","ContentType":null,"ContentLength":null,"Scheme":"https","Host":"localhost:5001","PathBase":"","Path":"/swagger","QueryString":"","HostingRequestStartingLog":"Request starting HTTP/1.1 GET https://localhost:5001/swagger - -","EventId":{"Id":1,"Name":"RequestStarting"},"SourceContext":"Microsoft.AspNetCore.Hosting.Diagnostics","RequestId":"0HM4TBS74UKPJ:00000002","RequestPath":"/swagger","ConnectionId":"0HM4TBS74UKPJ","MachineName":"Devlins-MacBook-Pro","Assembly":"Travel.WebApi"}
{"@t":"2020-12-10T22:58:07.5629620Z","@mt":"{HostingRequestFinishedLog:l}","@r":["Request finished HTTP/1.1 GET https://localhost:5001/swagger - - - 301 0 - 1.2622ms"],"ElapsedMilliseconds":1.2622,"StatusCode":301,"ContentType":null,"ContentLength":0,"Protocol":"HTTP/1.1","Method":"GET","Scheme":"https","Host":"localhost:5001","PathBase":"","Path":"/swagger","QueryString":"","HostingRequestFinishedLog":"Request finished HTTP/1.1 GET https://localhost:5001/swagger - - - 301 0 - 1.2622ms","EventId":{"Id":2,"Name":"RequestFinished"},"SourceContext":"Microsoft.AspNetCore.Hosting.Diagnostics","RequestId":"0HM4TBS74UKPJ:00000002","RequestPath":"/swagger","ConnectionId":"0HM4TBS74UKPJ","MachineName":"Devlins-MacBook-Pro","Assembly":"Travel.WebApi"}
{"@t":"2020-12-10T22:58:07.5969270Z","@mt":"{HostingRequestStartingLog:l}","@r":["Request starting HTTP/1.1 GET https://localhost:5001/swagger/index.html - -"],"Protocol":"HTTP/1.1","Method":"GET","ContentType":null,"ContentLength":null,"Scheme":"https","Host":"localhost:5001","PathBase":"","Path":"/swagger/index.html","QueryString":"","HostingRequestStartingLog":"Request starting HTTP/1.1 GET https://localhost:5001/swagger/index.html - -","EventId":{"Id":1,"Name":"RequestStarting"},"SourceContext":"Microsoft.AspNetCore.Hosting.Diagnostics","RequestId":"0HM4TBS74UKPJ:00000003","RequestPath":"/swagger/index.html","ConnectionId":"0HM4TBS74UKPJ","MachineName":"Devlins-MacBook-Pro","Assembly":"Travel.WebApi"}
{"@t":"2020-12-10T22:58:07.5982900Z","@mt":"{HostingRequestFinishedLog:l}","@r":["Request finished HTTP/1.1 GET https://localhost:5001/swagger/index.html - - - 200 - text/html;charset=utf-8 1.3199ms"],"ElapsedMilliseconds":1.3199,"StatusCode":200,"ContentType":"text/html;charset=utf-8","ContentLength":null,"Protocol":"HTTP/1.1","Method":"GET","Scheme":"https","Host":"localhost:5001","PathBase":"","Path":"/swagger/index.html","QueryString":"","HostingRequestFinishedLog":"Request finished HTTP/1.1 GET https://localhost:5001/swagger/index.html - - - 200 - text/html;charset=utf-8 1.3199ms","EventId":{"Id":2,"Name":"RequestFinished"},"SourceContext":"Microsoft.AspNetCore.Hosting.Diagnostics","RequestId":"0HM4TBS74UKPJ:00000003","RequestPath":"/swagger/index.html","ConnectionId":"0HM4TBS74UKPJ","MachineName":"Devlins-MacBook-Pro","Assembly":"Travel.WebApi"}
{"@t":"2020-12-10T22:58:08.3495450Z","@mt":"{HostingRequestStartingLog:l}","@r":["Request starting HTTP/1.1 GET https://localhost:5001/swagger/swagger-ui.css - -"],"Protocol":"HTTP/1.1","Method":"GET","ContentType":null,"ContentLength":null,"Scheme":"https","Host":"localhost:5001","PathBase":"","Path":"/swagger/swagger-ui.css","QueryString":"","HostingRequestStartingLog":"Request starting HTTP/1.1 GET https://localhost:5001/swagger/swagger-ui.css - -","EventId":{"Id":1,"Name":"RequestStarting"},"SourceContext":"Microsoft.AspNetCore.Hosting.Diagnostics","RequestId":"0HM4TBS74UKPJ:00000004","RequestPath":"/swagger/swagger-ui.css","ConnectionId":"0HM4TBS74UKPJ","MachineName":"Devlins-MacBook-Pro","Assembly":"Travel.WebApi"}
{"@t":"2020-12-10T22:58:08.3502350Z","@mt":"{HostingRequestStartingLog:l}","@r":["Request starting HTTP/1.1 GET https://localhost:5001/swagger/swagger-ui-bundle.js - -"],"Protocol":"HTTP/1.1","Method":"GET","ContentType":null,"ContentLength":null,"Scheme":"https","Host":"localhost:5001","PathBase":"","Path":"/swagger/swagger-ui-bundle.js","QueryString":"","HostingRequestStartingLog":"Request starting HTTP/1.1 GET https://localhost:5001/swagger/swagger-ui-bundle.js - -","EventId":{"Id":1,"Name":"RequestStarting"},"SourceContext":"Microsoft.AspNetCore.Hosting.Diagnostics","RequestId":"0HM4TBS74UKPI:00000002","RequestPath":"/swagger/swagger-ui-bundle.js","ConnectionId":"0HM4TBS74UKPI","MachineName":"Devlins-MacBook-Pro","Assembly":"Travel.WebApi"}
{"@t":"2020-12-10T22:58:08.4583770Z","@mt":"{HostingRequestStartingLog:l}","@r":["Request starting HTTP/1.1 GET https://localhost:5001/swagger/swagger-ui-standalone-preset.js - -"],"Protocol":"HTTP/1.1","Method":"GET","ContentType":null,"ContentLength":null,"Scheme":"https","Host":"localhost:5001","PathBase":"","Path":"/swagger/swagger-ui-standalone-preset.js","QueryString":"","HostingRequestStartingLog":"Request starting HTTP/1.1 GET https://localhost:5001/swagger/swagger-ui-standalone-preset.js - -","EventId":{"Id":1,"Name":"RequestStarting"},"SourceContext":"Microsoft.AspNetCore.Hosting.Diagnostics","RequestId":"0HM4TBS74UKPK:00000002","RequestPath":"/swagger/swagger-ui-standalone-preset.js","ConnectionId":"0HM4TBS74UKPK","MachineName":"Devlins-MacBook-Pro","Assembly":"Travel.WebApi"}
{"@t":"2020-12-10T22:58:08.7052240Z","@mt":"Sending file. Request path: '{VirtualPath}'. Physical path: '{PhysicalPath}'","VirtualPath":"/swagger-ui.css","PhysicalPath":"N/A","EventId":{"Id":2,"Name":"FileServed"},"SourceContext":"Microsoft.AspNetCore.StaticFiles.StaticFileMiddleware","RequestId":"0HM4TBS74UKPJ:00000004","RequestPath":"/swagger/swagger-ui.css","ConnectionId":"0HM4TBS74UKPJ","MachineName":"Devlins-MacBook-Pro","Assembly":"Travel.WebApi"}
{"@t":"2020-12-10T22:58:08.7052840Z","@mt":"Sending file. Request path: '{VirtualPath}'. Physical path: '{PhysicalPath}'","VirtualPath":"/swagger-ui-standalone-preset.js","PhysicalPath":"N/A","EventId":{"Id":2,"Name":"FileServed"},"SourceContext":"Microsoft.AspNetCore.StaticFiles.StaticFileMiddleware","RequestId":"0HM4TBS74UKPK:00000002","RequestPath":"/swagger/swagger-ui-standalone-preset.js","ConnectionId":"0HM4TBS74UKPK","MachineName":"Devlins-MacBook-Pro","Assembly":"Travel.WebApi"}
{"@t":"2020-12-10T22:58:08.7067880Z","@mt":"{HostingRequestFinishedLog:l}","@r":["Request finished HTTP/1.1 GET https://localhost:5001/swagger/swagger-ui-standalone-preset.js - - - 200 311804 application/javascript 248.3939ms"],"ElapsedMilliseconds":248.3939,"StatusCode":200,"ContentType":"application/javascript","ContentLength":311804,"Protocol":"HTTP/1.1","Method":"GET","Scheme":"https","Host":"localhost:5001","PathBase":"","Path":"/swagger/swagger-ui-standalone-preset.js","QueryString":"","HostingRequestFinishedLog":"Request finished HTTP/1.1 GET https://localhost:5001/swagger/swagger-ui-standalone-preset.js - - - 200 311804 application/javascript 248.3939ms","EventId":{"Id":2,"Name":"RequestFinished"},"SourceContext":"Microsoft.AspNetCore.Hosting.Diagnostics","RequestId":"0HM4TBS74UKPK:00000002","RequestPath":"/swagger/swagger-ui-standalone-preset.js","ConnectionId":"0HM4TBS74UKPK","MachineName":"Devlins-MacBook-Pro","Assembly":"Travel.WebApi"}
{"@t":"2020-12-10T22:58:08.7067790Z","@mt":"{HostingRequestFinishedLog:l}","@r":["Request finished HTTP/1.1 GET https://localhost:5001/swagger/swagger-ui.css - - - 200 142933 text/css 357.2202ms"],"ElapsedMilliseconds":357.2202,"StatusCode":200,"ContentType":"text/css","ContentLength":142933,"Protocol":"HTTP/1.1","Method":"GET","Scheme":"https","Host":"localhost:5001","PathBase":"","Path":"/swagger/swagger-ui.css","QueryString":"","HostingRequestFinishedLog":"Request finished HTTP/1.1 GET https://localhost:5001/swagger/swagger-ui.css - - - 200 142933 text/css 357.2202ms","EventId":{"Id":2,"Name":"RequestFinished"},"SourceContext":"Microsoft.AspNetCore.Hosting.Diagnostics","RequestId":"0HM4TBS74UKPJ:00000004","RequestPath":"/swagger/swagger-ui.css","ConnectionId":"0HM4TBS74UKPJ","MachineName":"Devlins-MacBook-Pro","Assembly":"Travel.WebApi"}
{"@t":"2020-12-10T22:58:08.7095730Z","@mt":"Sending file. Request path: '{VirtualPath}'. Physical path: '{PhysicalPath}'","VirtualPath":"/swagger-ui-bundle.js","PhysicalPath":"N/A","EventId":{"Id":2,"Name":"FileServed"},"SourceContext":"Microsoft.AspNetCore.StaticFiles.StaticFileMiddleware","RequestId":"0HM4TBS74UKPI:00000002","RequestPath":"/swagger/swagger-ui-bundle.js","ConnectionId":"0HM4TBS74UKPI","MachineName":"Devlins-MacBook-Pro","Assembly":"Travel.WebApi"}
{"@t":"2020-12-10T22:58:08.7097070Z","@mt":"{HostingRequestFinishedLog:l}","@r":["Request finished HTTP/1.1 GET https://localhost:5001/swagger/swagger-ui-bundle.js - - - 200 986342 application/javascript 359.4635ms"],"ElapsedMilliseconds":359.4635,"StatusCode":200,"ContentType":"application/javascript","ContentLength":986342,"Protocol":"HTTP/1.1","Method":"GET","Scheme":"https","Host":"localhost:5001","PathBase":"","Path":"/swagger/swagger-ui-bundle.js","QueryString":"","HostingRequestFinishedLog":"Request finished HTTP/1.1 GET https://localhost:5001/swagger/swagger-ui-bundle.js - - - 200 986342 application/javascript 359.4635ms","EventId":{"Id":2,"Name":"RequestFinished"},"SourceContext":"Microsoft.AspNetCore.Hosting.Diagnostics","RequestId":"0HM4TBS74UKPI:00000002","RequestPath":"/swagger/swagger-ui-bundle.js","ConnectionId":"0HM4TBS74UKPI","MachineName":"Devlins-MacBook-Pro","Assembly":"Travel.WebApi"}
{"@t":"2020-12-10T22:58:09.0333090Z","@mt":"{HostingRequestStartingLog:l}","@r":["Request starting HTTP/1.1 GET https://localhost:5001/swagger/v1/swagger.json - -"],"Protocol":"HTTP/1.1","Method":"GET","ContentType":null,"ContentLength":null,"Scheme":"https","Host":"localhost:5001","PathBase":"","Path":"/swagger/v1/swagger.json","QueryString":"","HostingRequestStartingLog":"Request starting HTTP/1.1 GET https://localhost:5001/swagger/v1/swagger.json - -","EventId":{"Id":1,"Name":"RequestStarting"},"SourceContext":"Microsoft.AspNetCore.Hosting.Diagnostics","RequestId":"0HM4TBS74UKPI:00000003","RequestPath":"/swagger/v1/swagger.json","ConnectionId":"0HM4TBS74UKPI","MachineName":"Devlins-MacBook-Pro","Assembly":"Travel.WebApi"}
{"@t":"2020-12-10T22:58:09.1558390Z","@mt":"{HostingRequestFinishedLog:l}","@r":["Request finished HTTP/1.1 GET https://localhost:5001/swagger/v1/swagger.json - - - 200 - application/json;charset=utf-8 122.5235ms"],"ElapsedMilliseconds":122.5235,"StatusCode":200,"ContentType":"application/json;charset=utf-8","ContentLength":null,"Protocol":"HTTP/1.1","Method":"GET","Scheme":"https","Host":"localhost:5001","PathBase":"","Path":"/swagger/v1/swagger.json","QueryString":"","HostingRequestFinishedLog":"Request finished HTTP/1.1 GET https://localhost:5001/swagger/v1/swagger.json - - - 200 - application/json;charset=utf-8 122.5235ms","EventId":{"Id":2,"Name":"RequestFinished"},"SourceContext":"Microsoft.AspNetCore.Hosting.Diagnostics","RequestId":"0HM4TBS74UKPI:00000003","RequestPath":"/swagger/v1/swagger.json","ConnectionId":"0HM4TBS74UKPI","MachineName":"Devlins-MacBook-Pro","Assembly":"Travel.WebApi"}
